,Subject,Category,Feature,n,k,be
0,NARRATOR,Other,Unknown,25907,1,0.1966689994602756
1,NARRATOR,Other,Unknown,25903,5,0.9744829922081247
2,NARRATOR,Other,Unknown,25898,10,1.9318558021022774
3,NARRATOR,Other,Unknown,25893,15,2.863003181229077
4,NARRATOR,Other,Unknown,25888,20,3.7532337318477014
5,NARRATOR,Other,Unknown,25878,30,5.39362895989412
6,NARRATOR,Other,Unknown,25858,50,3.8827365495775874
7,NARRATOR,Other,Unknown,25838,70,3.024400832429927
8,NARRATOR,Response,Anger,55204,1,0.40673793931751195
9,NARRATOR,Response,Anger,55200,5,2.03285392986339
10,NARRATOR,Response,Anger,55195,10,4.0585915103956545
11,NARRATOR,Response,Anger,55190,15,6.043461187484903
12,NARRATOR,Response,Anger,55185,20,7.921411948245816
13,NARRATOR,Response,Anger,55175,30,11.109009325625305
14,NARRATOR,Response,Anger,55155,50,3.0154963200582747
15,NARRATOR,Response,Anger,55135,70,1.164068689409284
16,NARRATOR,Response,Anticipation,55204,1,0.3833062029984753
17,NARRATOR,Response,Anticipation,55200,5,1.9083944681573304
18,NARRATOR,Response,Anticipation,55195,10,3.8004890695922713
19,NARRATOR,Response,Anticipation,55190,15,5.636741288472872
20,NARRATOR,Response,Anticipation,55185,20,7.360292760571073
21,NARRATOR,Response,Anticipation,55175,30,10.25339347221613
22,NARRATOR,Response,Anticipation,55155,50,3.548949653491347
23,NARRATOR,Response,Anticipation,55135,70,1.725083896313047
24,NARRATOR,Response,Arousal,55204,1,0.5366337405766446
25,NARRATOR,Response,Arousal,55200,5,2.6788175392296214
26,NARRATOR,Response,Arousal,55195,10,5.339113128740546
27,NARRATOR,Response,Arousal,55190,15,7.884648764786405
28,NARRATOR,Response,Arousal,55185,20,10.139991972682026
29,NARRATOR,Response,Arousal,55175,30,13.27626931031239
30,NARRATOR,Response,Arousal,55155,50,1.874395826809856
31,NARRATOR,Response,Arousal,55135,70,0.5061554097547828
32,NARRATOR,Response,Disgust,55204,1,0.9964593525068168
33,NARRATOR,Response,Disgust,55200,5,4.980809612318874
34,NARRATOR,Response,Disgust,55195,10,9.946982742046085
35,NARRATOR,Response,Disgust,55190,15,14.446338648991578
36,NARRATOR,Response,Disgust,55185,20,15.687573863714894
37,NARRATOR,Response,Disgust,55175,30,15.75154586256853
38,NARRATOR,Response,Disgust,55155,50,0.0
39,NARRATOR,Response,Disgust,55135,70,0.0
40,NARRATOR,Response,Dominance,31532,1,0.17211802462105646
41,NARRATOR,Response,Dominance,31528,5,0.8346203777808137
42,NARRATOR,Response,Dominance,31523,10,1.6255016761426944
43,NARRATOR,Response,Dominance,31518,15,2.3705800184603
44,NARRATOR,Response,Dominance,31513,20,3.055584179090677
45,NARRATOR,Response,Dominance,31503,30,4.230249225311847
46,NARRATOR,Response,Dominance,31483,50,3.1110779930020795
47,NARRATOR,Response,Dominance,31463,70,2.756989082897709
48,NARRATOR,Response,Fear,55204,1,0.626731315674422
49,NARRATOR,Response,Fear,55200,5,3.1308258139813216
50,NARRATOR,Response,Fear,55195,10,6.24490591928937
51,NARRATOR,Response,Fear,55190,15,9.211195042018941
52,NARRATOR,Response,Fear,55185,20,11.70169601396709
53,NARRATOR,Response,Fear,55175,30,14.57651179972387
54,NARRATOR,Response,Fear,55155,50,0.9948626740401864
55,NARRATOR,Response,Fear,55135,70,0.15712514824484491
56,NARRATOR,Response,Joy,31532,1,0.011239435170041797
57,NARRATOR,Response,Joy,31528,5,0.05165769272076774
58,NARRATOR,Response,Joy,31523,10,0.0962091570556343
59,NARRATOR,Response,Joy,31518,15,0.13779379340322262
60,NARRATOR,Response,Joy,31513,20,0.17769309230073743
61,NARRATOR,Response,Joy,31503,30,0.25119681203109845
62,NARRATOR,Response,Joy,31483,50,0.30941180581193745
63,NARRATOR,Response,Joy,31463,70,0.3446834301909086
64,NARRATOR,Response,Sadness,31532,1,0.5278237736512355
65,NARRATOR,Response,Sadness,31528,5,2.629988627486595
66,NARRATOR,Response,Sadness,31523,10,5.227354381256387
67,NARRATOR,Response,Sadness,31518,15,7.650319190173009
68,NARRATOR,Response,Sadness,31513,20,9.676468660519468
69,NARRATOR,Response,Sadness,31503,30,12.396581102559198
70,NARRATOR,Response,Sadness,31483,50,2.1378785595455274
71,NARRATOR,Response,Sadness,31463,70,0.7392261076221059
72,NARRATOR,Response,Surprise,31532,1,0.02716203075402235
73,NARRATOR,Response,Surprise,31528,5,0.13412549397194568
74,NARRATOR,Response,Surprise,31523,10,0.26471659676805304
75,NARRATOR,Response,Surprise,31518,15,0.3926725170395804
76,NARRATOR,Response,Surprise,31513,20,0.5188585665656199
77,NARRATOR,Response,Surprise,31503,30,0.7671306342039327
78,NARRATOR,Response,Surprise,31483,50,0.9916785054103702
79,NARRATOR,Response,Surprise,31463,70,1.0883130768602545
80,NARRATOR,Response,Trust,31532,1,0.04207839577467606
81,NARRATOR,Response,Trust,31528,5,0.18131946052282957
82,NARRATOR,Response,Trust,31523,10,0.3282280799257957
83,NARRATOR,Response,Trust,31518,15,0.45416827374564783
84,NARRATOR,Response,Trust,31513,20,0.5654063076971856
85,NARRATOR,Response,Trust,31503,30,0.7608548550454276
86,NARRATOR,Response,Trust,31483,50,0.7403236346507063
87,NARRATOR,Response,Trust,31463,70,0.741004928815297
88,NARRATOR,Response,Valence,31532,1,0.5100183880699637
89,NARRATOR,Response,Valence,31528,5,2.542589287168782
90,NARRATOR,Response,Valence,31523,10,5.0568849920349255
91,NARRATOR,Response,Valence,31518,15,7.428697126559158
92,NARRATOR,Response,Valence,31513,20,9.474809282859717
93,NARRATOR,Response,Valence,31503,30,12.353413842452241
94,NARRATOR,Response,Valence,31483,50,2.144854066407433
95,NARRATOR,Response,Valence,31463,70,0.6649751365173133
96,NARRATOR,Stimulus,Anger,55204,1,0.5852076763537428
97,NARRATOR,Stimulus,Anger,55200,5,2.9245963546330263
98,NARRATOR,Stimulus,Anger,55195,10,5.834879112565253
99,NARRATOR,Stimulus,Anger,55190,15,8.629954499002363
100,NARRATOR,Stimulus,Anger,55185,20,11.047192604707
101,NARRATOR,Stimulus,Anger,55175,30,14.10082218933019
102,NARRATOR,Stimulus,Anger,55155,50,1.2321230787019537
103,NARRATOR,Stimulus,Anger,55135,70,0.25555974263335896
104,NARRATOR,Stimulus,Anticipation,31532,1,0.03959852597604214
105,NARRATOR,Stimulus,Anticipation,31528,5,0.19722585730422584
106,NARRATOR,Stimulus,Anticipation,31523,10,0.3918214805380208
107,NARRATOR,Stimulus,Anticipation,31518,15,0.5842073076528844
108,NARRATOR,Stimulus,Anticipation,31513,20,0.7724183667133959
109,NARRATOR,Stimulus,Anticipation,31503,30,1.1347204110073221
110,NARRATOR,Stimulus,Anticipation,31483,50,1.323411692144546
111,NARRATOR,Stimulus,Anticipation,31463,70,1.3942359569402327
112,NARRATOR,Stimulus,Arousal,55204,1,0.626731315674422
113,NARRATOR,Stimulus,Arousal,55200,5,3.1308258139813216
114,NARRATOR,Stimulus,Arousal,55195,10,6.24490591928937
115,NARRATOR,Stimulus,Arousal,55190,15,9.211195042018941
116,NARRATOR,Stimulus,Arousal,55185,20,11.70169601396709
117,NARRATOR,Stimulus,Arousal,55175,30,14.57651179972387
118,NARRATOR,Stimulus,Arousal,55155,50,0.9948626740401864
119,NARRATOR,Stimulus,Arousal,55135,70,0.15712514824484491
120,NARRATOR,Stimulus,Disgust,25907,1,0.41861692852975485
121,NARRATOR,Stimulus,Disgust,25903,5,2.0902676509228404
122,NARRATOR,Stimulus,Disgust,25898,10,4.160855131964991
123,NARRATOR,Stimulus,Disgust,25893,15,6.1590879019498805
124,NARRATOR,Stimulus,Disgust,25888,20,8.000586209458783
125,NARRATOR,Stimulus,Disgust,25878,30,10.964158101530396
126,NARRATOR,Stimulus,Disgust,25858,50,2.8112825090479743
127,NARRATOR,Stimulus,Disgust,25838,70,1.0697376953443658
128,NARRATOR,Stimulus,Dominance,6410,1,0.9578434525580746
129,NARRATOR,Stimulus,Dominance,6406,5,4.778159652952402
130,NARRATOR,Stimulus,Dominance,6401,10,9.437622256569872
131,NARRATOR,Stimulus,Dominance,6396,15,12.179137283557033
132,NARRATOR,Stimulus,Dominance,6391,20,12.600135239454298
133,NARRATOR,Stimulus,Dominance,6381,30,12.639566818680636
134,NARRATOR,Stimulus,Dominance,6361,50,0.022129536710328558
135,NARRATOR,Stimulus,Dominance,6341,70,0.0
136,NARRATOR,Stimulus,Fear,55204,1,0.5851603140911118
137,NARRATOR,Stimulus,Fear,55200,5,2.924370248429502
138,NARRATOR,Stimulus,Fear,55195,10,5.834435476116077
139,NARRATOR,Stimulus,Fear,55190,15,8.629314176031142
140,NARRATOR,Stimulus,Fear,55185,20,11.046312174275053
141,NARRATOR,Stimulus,Fear,55175,30,14.099481673098431
142,NARRATOR,Stimulus,Fear,55155,50,1.232036869156089
143,NARRATOR,Stimulus,Fear,55135,70,0.25555974263335896
144,NARRATOR,Stimulus,Joy,55204,1,0.40673793931751195
145,NARRATOR,Stimulus,Joy,55200,5,2.03285392986339
146,NARRATOR,Stimulus,Joy,55195,10,4.0585915103956545
147,NARRATOR,Stimulus,Joy,55190,15,6.043461187484903
148,NARRATOR,Stimulus,Joy,55185,20,7.921411948245816
149,NARRATOR,Stimulus,Joy,55175,30,11.109009325625305
150,NARRATOR,Stimulus,Joy,55155,50,3.0154963200582747
151,NARRATOR,Stimulus,Joy,55135,70,1.164068689409284
152,NARRATOR,Stimulus,Sadness,12003,1,0.9872246841739274
153,NARRATOR,Stimulus,Sadness,11999,5,4.878207859994615
154,NARRATOR,Stimulus,Sadness,11994,10,9.641429654438962
155,NARRATOR,Stimulus,Sadness,11989,15,12.872217448258354
156,NARRATOR,Stimulus,Sadness,11984,20,13.434496032605526
157,NARRATOR,Stimulus,Sadness,11974,30,13.539423707070373
158,NARRATOR,Stimulus,Sadness,11954,50,0.09400639285645894
159,NARRATOR,Stimulus,Sadness,11934,70,0.015067631495557777
160,NARRATOR,Stimulus,Surprise,12003,1,0.3102808113067394
161,NARRATOR,Stimulus,Surprise,11999,5,1.5447957637741923
162,NARRATOR,Stimulus,Surprise,11994,10,3.0666237235243976
163,NARRATOR,Stimulus,Surprise,11989,15,4.517711476018895
164,NARRATOR,Stimulus,Surprise,11984,20,5.867058414651929
165,NARRATOR,Stimulus,Surprise,11974,30,8.172600655068061
166,NARRATOR,Stimulus,Surprise,11954,50,3.88323344017148
167,NARRATOR,Stimulus,Surprise,11934,70,2.1525467785529973
168,NARRATOR,Stimulus,Trust,6410,1,0.3056339950154929
169,NARRATOR,Stimulus,Trust,6406,5,1.5253093147245942
170,NARRATOR,Stimulus,Trust,6401,10,3.031691310003352
171,NARRATOR,Stimulus,Trust,6396,15,4.47218126775933
172,NARRATOR,Stimulus,Trust,6391,20,5.812783758929407
173,NARRATOR,Stimulus,Trust,6381,30,8.056099379486025
174,NARRATOR,Stimulus,Trust,6361,50,3.6996118181691475
175,NARRATOR,Stimulus,Trust,6341,70,1.8908256081817072
176,NARRATOR,Stimulus,Valence,55204,1,0.5366851840540414
177,NARRATOR,Stimulus,Valence,55200,5,2.6790886724486356
178,NARRATOR,Stimulus,Valence,55195,10,5.339684071377229
179,NARRATOR,Stimulus,Valence,55190,15,7.885502909059345
180,NARRATOR,Stimulus,Valence,55185,20,10.141162927965668
181,NARRATOR,Stimulus,Valence,55175,30,13.27816386729667
182,NARRATOR,Stimulus,Valence,55155,50,1.873660321370791
183,NARRATOR,Stimulus,Valence,55135,70,0.5061554097547828
184,READER,Other,Unknown,55204,1,0.40673793931751195
185,READER,Other,Unknown,55200,5,2.03285392986339
186,READER,Other,Unknown,55195,10,4.0585915103956545
187,READER,Other,Unknown,55190,15,6.043461187484903
188,READER,Other,Unknown,55185,20,7.921411948245816
189,READER,Other,Unknown,55175,30,11.109009325625305
190,READER,Other,Unknown,55155,50,3.0154963200582747
191,READER,Other,Unknown,55135,70,1.164068689409284
192,READER,Response,Anger,25907,1,0.41861692852975485
193,READER,Response,Anger,25903,5,2.0902676509228404
194,READER,Response,Anger,25898,10,4.160855131964991
195,READER,Response,Anger,25893,15,6.1590879019498805
196,READER,Response,Anger,25888,20,8.000586209458783
197,READER,Response,Anger,25878,30,10.964158101530396
198,READER,Response,Anger,25858,50,2.8112825090479743
199,READER,Response,Anger,25838,70,1.0697376953443658
200,READER,Response,Anticipation,31532,1,0.03959852597604214
201,READER,Response,Anticipation,31528,5,0.19722585730422584
202,READER,Response,Anticipation,31523,10,0.3918214805380208
203,READER,Response,Anticipation,31518,15,0.5842073076528844
204,READER,Response,Anticipation,31513,20,0.7724183667133959
205,READER,Response,Anticipation,31503,30,1.1347204110073221
206,READER,Response,Anticipation,31483,50,1.323411692144546
207,READER,Response,Anticipation,31463,70,1.3942359569402327
208,READER,Response,Arousal,55204,1,0.5852076763537428
209,READER,Response,Arousal,55200,5,2.9245963546330263
210,READER,Response,Arousal,55195,10,5.834879112565253
211,READER,Response,Arousal,55190,15,8.629954499002363
212,READER,Response,Arousal,55185,20,11.047192604707
213,READER,Response,Arousal,55175,30,14.10082218933019
214,READER,Response,Arousal,55155,50,1.2321230787019537
215,READER,Response,Arousal,55135,70,0.25555974263335896
216,READER,Response,Disgust,31532,1,0.5100183880699637
217,READER,Response,Disgust,31528,5,2.542589287168782
218,READER,Response,Disgust,31523,10,5.0568849920349255
219,READER,Response,Disgust,31518,15,7.428697126559158
220,READER,Response,Disgust,31513,20,9.474809282859717
221,READER,Response,Disgust,31503,30,12.353413842452241
222,READER,Response,Disgust,31483,50,2.144854066407433
223,READER,Response,Disgust,31463,70,0.6649751365173133
224,READER,Response,Dominance,31532,1,0.04207839577467606
225,READER,Response,Dominance,31528,5,0.18131946052282957
226,READER,Response,Dominance,31523,10,0.3282280799257957
227,READER,Response,Dominance,31518,15,0.45416827374564783
228,READER,Response,Dominance,31513,20,0.5654063076971856
229,READER,Response,Dominance,31503,30,0.7608548550454276
230,READER,Response,Dominance,31483,50,0.7403236346507063
231,READER,Response,Dominance,31463,70,0.741004928815297
232,READER,Response,Fear,31532,1,0.02716203075402235
233,READER,Response,Fear,31528,5,0.13412549397194568
234,READER,Response,Fear,31523,10,0.26471659676805304
235,READER,Response,Fear,31518,15,0.3926725170395804
236,READER,Response,Fear,31513,20,0.5188585665656199
237,READER,Response,Fear,31503,30,0.7671306342039327
238,READER,Response,Fear,31483,50,0.9916785054103702
239,READER,Response,Fear,31463,70,1.0883130768602545
240,READER,Response,Joy,31532,1,0.5278237736512355
241,READER,Response,Joy,31528,5,2.629988627486595
242,READER,Response,Joy,31523,10,5.227354381256387
243,READER,Response,Joy,31518,15,7.650319190173009
244,READER,Response,Joy,31513,20,9.676468660519468
245,READER,Response,Joy,31503,30,12.396581102559198
246,READER,Response,Joy,31483,50,2.1378785595455274
247,READER,Response,Joy,31463,70,0.7392261076221059
248,READER,Response,Sadness,31532,1,0.011239435170041797
249,READER,Response,Sadness,31528,5,0.05165769272076774
250,READER,Response,Sadness,31523,10,0.0962091570556343
251,READER,Response,Sadness,31518,15,0.13779379340322262
252,READER,Response,Sadness,31513,20,0.17769309230073743
253,READER,Response,Sadness,31503,30,0.25119681203109845
254,READER,Response,Sadness,31483,50,0.30941180581193745
255,READER,Response,Sadness,31463,70,0.3446834301909086
256,READER,Response,Surprise,55204,1,0.626731315674422
257,READER,Response,Surprise,55200,5,3.1308258139813216
258,READER,Response,Surprise,55195,10,6.24490591928937
259,READER,Response,Surprise,55190,15,9.211195042018941
260,READER,Response,Surprise,55185,20,11.70169601396709
261,READER,Response,Surprise,55175,30,14.57651179972387
262,READER,Response,Surprise,55155,50,0.9948626740401864
263,READER,Response,Surprise,55135,70,0.15712514824484491
264,READER,Response,Trust,31532,1,0.17211802462105646
265,READER,Response,Trust,31528,5,0.8346203777808137
266,READER,Response,Trust,31523,10,1.6255016761426944
267,READER,Response,Trust,31518,15,2.3705800184603
268,READER,Response,Trust,31513,20,3.055584179090677
269,READER,Response,Trust,31503,30,4.230249225311847
270,READER,Response,Trust,31483,50,3.1110779930020795
271,READER,Response,Trust,31463,70,2.756989082897709
272,READER,Response,Valence,55204,1,0.9964593525068168
273,READER,Response,Valence,55200,5,4.980809612318874
274,READER,Response,Valence,55195,10,9.946982742046085
275,READER,Response,Valence,55190,15,14.446338648991578
276,READER,Response,Valence,55185,20,15.687573863714894
277,READER,Response,Valence,55175,30,15.75154586256853
278,READER,Response,Valence,55155,50,0.0
279,READER,Response,Valence,55135,70,0.0
280,READER,Stimulus,Anger,55204,1,0.5366337405766446
281,READER,Stimulus,Anger,55200,5,2.6788175392296214
282,READER,Stimulus,Anger,55195,10,5.339113128740546
283,READER,Stimulus,Anger,55190,15,7.884648764786405
284,READER,Stimulus,Anger,55185,20,10.139991972682026
285,READER,Stimulus,Anger,55175,30,13.27626931031239
286,READER,Stimulus,Anger,55155,50,1.874395826809856
287,READER,Stimulus,Anger,55135,70,0.5061554097547828
288,READER,Stimulus,Anticipation,55204,1,0.3833062029984753
289,READER,Stimulus,Anticipation,55200,5,1.9083944681573304
290,READER,Stimulus,Anticipation,55195,10,3.8004890695922713
291,READER,Stimulus,Anticipation,55190,15,5.636741288472872
292,READER,Stimulus,Anticipation,55185,20,7.360292760571073
293,READER,Stimulus,Anticipation,55175,30,10.25339347221613
294,READER,Stimulus,Anticipation,55155,50,3.548949653491347
295,READER,Stimulus,Anticipation,55135,70,1.725083896313047
296,READER,Stimulus,Arousal,55204,1,0.40673793931751195
297,READER,Stimulus,Arousal,55200,5,2.03285392986339
298,READER,Stimulus,Arousal,55195,10,4.0585915103956545
299,READER,Stimulus,Arousal,55190,15,6.043461187484903
300,READER,Stimulus,Arousal,55185,20,7.921411948245816
301,READER,Stimulus,Arousal,55175,30,11.109009325625305
302,READER,Stimulus,Arousal,55155,50,3.0154963200582747
303,READER,Stimulus,Arousal,55135,70,1.164068689409284
304,READER,Stimulus,Disgust,25907,1,0.1966689994602756
305,READER,Stimulus,Disgust,25903,5,0.9744829922081247
306,READER,Stimulus,Disgust,25898,10,1.9318558021022774
307,READER,Stimulus,Disgust,25893,15,2.863003181229077
308,READER,Stimulus,Disgust,25888,20,3.7532337318477014
309,READER,Stimulus,Disgust,25878,30,5.39362895989412
310,READER,Stimulus,Disgust,25858,50,3.8827365495775874
311,READER,Stimulus,Disgust,25838,70,3.024400832429927
312,READER,Stimulus,Dominance,31532,1,0.03010128517897238
313,READER,Stimulus,Dominance,31528,5,0.11934920759798105
314,READER,Stimulus,Dominance,31523,10,0.20109372244084667
315,READER,Stimulus,Dominance,31518,15,0.26434017097348744
316,READER,Stimulus,Dominance,31513,20,0.3195537100257316
317,READER,Stimulus,Dominance,31503,30,0.42408404880171247
318,READER,Stimulus,Dominance,31483,50,0.4466813320894364
319,READER,Stimulus,Dominance,31463,70,0.48837942778849736
320,READER,Stimulus,Fear,25907,1,0.9658444127989059
321,READER,Stimulus,Fear,25903,5,4.787826626523138
322,READER,Stimulus,Fear,25898,10,9.521375565728686
323,READER,Stimulus,Fear,25893,15,13.389405735355588
324,READER,Stimulus,Fear,25888,20,14.460317774568786
325,READER,Stimulus,Fear,25878,30,14.647531389159962
326,READER,Stimulus,Fear,25858,50,0.09572800552170348
327,READER,Stimulus,Fear,25838,70,0.01495400410014561
328,READER,Stimulus,Joy,55204,1,0.3277871076624371
329,READER,Stimulus,Joy,55200,5,1.634036197308687
330,READER,Stimulus,Joy,55195,10,3.256410250499539
331,READER,Stimulus,Joy,55190,15,4.842549082759358
332,READER,Stimulus,Joy,55185,20,6.34690762806716
333,READER,Stimulus,Joy,55175,30,8.993666200026782
334,READER,Stimulus,Joy,55155,50,3.814051580434994
335,READER,Stimulus,Joy,55135,70,2.118618173188197
336,READER,Stimulus,Sadness,55204,1,0.40673793931751195
337,READER,Stimulus,Sadness,55200,5,2.03285392986339
338,READER,Stimulus,Sadness,55195,10,4.0585915103956545
339,READER,Stimulus,Sadness,55190,15,6.043461187484903
340,READER,Stimulus,Sadness,55185,20,7.921411948245816
341,READER,Stimulus,Sadness,55175,30,11.109009325625305
342,READER,Stimulus,Sadness,55155,50,3.0154963200582747
343,READER,Stimulus,Sadness,55135,70,1.164068689409284
344,READER,Stimulus,Surprise,34298,1,0.022475365870242712
345,READER,Stimulus,Surprise,34294,5,0.08923871941562031
346,READER,Stimulus,Surprise,34289,10,0.14426865207834205
347,READER,Stimulus,Surprise,34284,15,0.1782755260052287
348,READER,Stimulus,Surprise,34279,20,0.20172828830390374
349,READER,Stimulus,Surprise,34269,30,0.2197879549861479
350,READER,Stimulus,Surprise,34249,50,0.12206947206144836
351,READER,Stimulus,Surprise,34229,70,0.11810508678708291
352,READER,Stimulus,Trust,31532,1,0.32049177490740627
353,READER,Stimulus,Trust,31528,5,1.4818350996120677
354,READER,Stimulus,Trust,31523,10,2.8310386588090877
355,READER,Stimulus,Trust,31518,15,3.991463927424832
356,READER,Stimulus,Trust,31513,20,4.934269230301786
357,READER,Stimulus,Trust,31503,30,6.418162695366362
358,READER,Stimulus,Trust,31483,50,3.6016868257489905
359,READER,Stimulus,Trust,31463,70,2.984283776279725
360,READER,Stimulus,Valence,31532,1,0.010602841711717501
361,READER,Stimulus,Valence,31528,5,0.051571188755489335
362,READER,Stimulus,Valence,31523,10,0.0982939081928291
363,READER,Stimulus,Valence,31518,15,0.1409016052102733
364,READER,Stimulus,Valence,31513,20,0.1807322667413689
365,READER,Stimulus,Valence,31503,30,0.25216917681832207
366,READER,Stimulus,Valence,31483,50,0.2966119804928084
367,READER,Stimulus,Valence,31463,70,0.3324138611722576
368,ethan,Other,Unknown,55204,1,0.40673793931751195
369,ethan,Other,Unknown,55200,5,2.03285392986339
370,ethan,Other,Unknown,55195,10,4.0585915103956545
371,ethan,Other,Unknown,55190,15,6.043461187484903
372,ethan,Other,Unknown,55185,20,7.921411948245816
373,ethan,Other,Unknown,55175,30,11.109009325625305
374,ethan,Other,Unknown,55155,50,3.0154963200582747
375,ethan,Other,Unknown,55135,70,1.164068689409284
376,ethan,Response,Anger,31532,1,0.03010128517897238
377,ethan,Response,Anger,31528,5,0.11934920759798105
378,ethan,Response,Anger,31523,10,0.20109372244084667
379,ethan,Response,Anger,31518,15,0.26434017097348744
380,ethan,Response,Anger,31513,20,0.3195537100257316
381,ethan,Response,Anger,31503,30,0.42408404880171247
382,ethan,Response,Anger,31483,50,0.4466813320894364
383,ethan,Response,Anger,31463,70,0.48837942778849736
384,ethan,Response,Anticipation,14901,1,0.8236664763144184
385,ethan,Response,Anticipation,14897,5,4.094544575686535
386,ethan,Response,Anticipation,14892,10,8.128858744766656
387,ethan,Response,Anticipation,14887,15,11.419236950813765
388,ethan,Response,Anticipation,14882,20,13.071408672574659
389,ethan,Response,Anticipation,14872,30,13.815907518109
390,ethan,Response,Anticipation,14852,50,0.2048868726220912
391,ethan,Response,Anticipation,14832,70,0.009283181292524118
392,ethan,Response,Arousal,55204,1,0.4514457050137491
393,ethan,Response,Arousal,55200,5,2.250064177389776
394,ethan,Response,Arousal,55195,10,4.4819874872469665
395,ethan,Response,Arousal,55190,15,6.635057526363357
396,ethan,Response,Arousal,55185,20,8.5975803625075
397,ethan,Response,Arousal,55175,30,11.700480377478426
398,ethan,Response,Arousal,55155,50,2.8363605388413364
399,ethan,Response,Arousal,55135,70,1.0707327119984011
400,ethan,Response,Disgust,31532,1,0.026077608635930855
401,ethan,Response,Disgust,31528,5,0.10189378566804262
402,ethan,Response,Disgust,31523,10,0.17361208049793575
403,ethan,Response,Disgust,31518,15,0.2267398391692796
404,ethan,Response,Disgust,31513,20,0.2732678135764844
405,ethan,Response,Disgust,31503,30,0.36308282506743966
406,ethan,Response,Disgust,31483,50,0.3950716489442196
407,ethan,Response,Disgust,31463,70,0.4353541410263118
408,ethan,Response,Dominance,55204,1,0.6265115084170416
409,ethan,Response,Dominance,55200,5,3.1297310708639965
410,ethan,Response,Dominance,55195,10,6.242765267335918
411,ethan,Response,Dominance,55190,15,9.20792556056827
412,ethan,Response,Dominance,55185,20,11.697612555935386
413,ethan,Response,Dominance,55175,30,14.574965924252423
414,ethan,Response,Dominance,55155,50,0.9964133231597998
415,ethan,Response,Dominance,55135,70,0.15712514824484491
416,ethan,Response,Fear,55204,1,0.5852076763537428
417,ethan,Response,Fear,55200,5,2.9245963546330263
418,ethan,Response,Fear,55195,10,5.834879112565253
419,ethan,Response,Fear,55190,15,8.629954499002363
420,ethan,Response,Fear,55185,20,11.047192604707
421,ethan,Response,Fear,55175,30,14.10082218933019
422,ethan,Response,Fear,55155,50,1.2321230787019537
423,ethan,Response,Fear,55135,70,0.25555974263335896
424,ethan,Response,Joy,7003,1,0.07114120029297326
425,ethan,Response,Joy,6999,5,0.3544621825328159
426,ethan,Response,Joy,6994,10,0.7034675986910968
427,ethan,Response,Joy,6989,15,1.042564073716535
428,ethan,Response,Joy,6984,20,1.3649187266713787
429,ethan,Response,Joy,6974,30,1.9725567244443616
430,ethan,Response,Joy,6954,50,2.04731290379262
431,ethan,Response,Joy,6934,70,2.0308985659514684
432,ethan,Response,Sadness,55204,1,0.40673793931751195
433,ethan,Response,Sadness,55200,5,2.03285392986339
434,ethan,Response,Sadness,55195,10,4.0585915103956545
435,ethan,Response,Sadness,55190,15,6.043461187484903
436,ethan,Response,Sadness,55185,20,7.921411948245816
437,ethan,Response,Sadness,55175,30,11.109009325625305
438,ethan,Response,Sadness,55155,50,3.0154963200582747
439,ethan,Response,Sadness,55135,70,1.164068689409284
440,ethan,Response,Surprise,55204,1,0.40673793931751195
441,ethan,Response,Surprise,55200,5,2.03285392986339
442,ethan,Response,Surprise,55195,10,4.0585915103956545
443,ethan,Response,Surprise,55190,15,6.043461187484903
444,ethan,Response,Surprise,55185,20,7.921411948245816
445,ethan,Response,Surprise,55175,30,11.109009325625305
446,ethan,Response,Surprise,55155,50,3.0154963200582747
447,ethan,Response,Surprise,55135,70,1.164068689409284
448,ethan,Response,Trust,55204,1,0.626731315674422
449,ethan,Response,Trust,55200,5,3.1308258139813216
450,ethan,Response,Trust,55195,10,6.24490591928937
451,ethan,Response,Trust,55190,15,9.211195042018941
452,ethan,Response,Trust,55185,20,11.70169601396709
453,ethan,Response,Trust,55175,30,14.57651179972387
454,ethan,Response,Trust,55155,50,0.9948626740401864
455,ethan,Response,Trust,55135,70,0.15712514824484491
456,ethan,Response,Valence,55204,1,0.3277871076624371
457,ethan,Response,Valence,55200,5,1.634036197308687
458,ethan,Response,Valence,55195,10,3.256410250499539
459,ethan,Response,Valence,55190,15,4.842549082759358
460,ethan,Response,Valence,55185,20,6.34690762806716
461,ethan,Response,Valence,55175,30,8.993666200026782
462,ethan,Response,Valence,55155,50,3.814051580434994
463,ethan,Response,Valence,55135,70,2.118618173188197
464,ethan,Stimulus,Anger,55204,1,0.5851603140911118
465,ethan,Stimulus,Anger,55200,5,2.924370248429502
466,ethan,Stimulus,Anger,55195,10,5.834435476116077
467,ethan,Stimulus,Anger,55190,15,8.629314176031142
468,ethan,Stimulus,Anger,55185,20,11.046312174275053
469,ethan,Stimulus,Anger,55175,30,14.099481673098431
470,ethan,Stimulus,Anger,55155,50,1.232036869156089
471,ethan,Stimulus,Anger,55135,70,0.25555974263335896
472,ethan,Stimulus,Anticipation,55204,1,0.7830632893984535
473,ethan,Stimulus,Anticipation,55200,5,3.9135595836420727
474,ethan,Stimulus,Anticipation,55195,10,7.809486384923836
475,ethan,Stimulus,Anticipation,55190,15,11.440630349210473
476,ethan,Stimulus,Anticipation,55185,20,13.972942174502819
477,ethan,Stimulus,Anticipation,55175,30,15.592556694128898
478,ethan,Stimulus,Anticipation,55155,50,0.0
479,ethan,Stimulus,Anticipation,55135,70,0.010914158423807963
480,ethan,Stimulus,Arousal,55204,1,0.996433641264783
481,ethan,Stimulus,Arousal,55200,5,4.980686347421195
482,ethan,Stimulus,Arousal,55195,10,9.946811806307728
483,ethan,Stimulus,Arousal,55190,15,14.445203095457556
484,ethan,Stimulus,Arousal,55185,20,15.687546505284079
485,ethan,Stimulus,Arousal,55175,30,15.75154586256853
486,ethan,Stimulus,Arousal,55155,50,0.0
487,ethan,Stimulus,Arousal,55135,70,0.0
488,ethan,Stimulus,Disgust,55204,1,0.626731315674422
489,ethan,Stimulus,Disgust,55200,5,3.1308258139813216
490,ethan,Stimulus,Disgust,55195,10,6.24490591928937
491,ethan,Stimulus,Disgust,55190,15,9.211195042018941
492,ethan,Stimulus,Disgust,55185,20,11.70169601396709
493,ethan,Stimulus,Disgust,55175,30,14.57651179972387
494,ethan,Stimulus,Disgust,55155,50,0.9948626740401864
495,ethan,Stimulus,Disgust,55135,70,0.15712514824484491
496,ethan,Stimulus,Dominance,55204,1,0.4250386046169782
497,ethan,Stimulus,Dominance,55200,5,2.1230621138514945
498,ethan,Stimulus,Dominance,55195,10,4.233656704788506
499,ethan,Stimulus,Dominance,55190,15,6.292788957381784
500,ethan,Stimulus,Dominance,55185,20,8.228298901417242
501,ethan,Stimulus,Dominance,55175,30,11.444295197092766
502,ethan,Stimulus,Dominance,55155,50,0.0
503,ethan,Stimulus,Dominance,55135,70,0.9987777408084768
504,ethan,Stimulus,Fear,31532,1,0.5100183880699637
505,ethan,Stimulus,Fear,31528,5,2.542589287168782
506,ethan,Stimulus,Fear,31523,10,5.0568849920349255
507,ethan,Stimulus,Fear,31518,15,7.428697126559158
508,ethan,Stimulus,Fear,31513,20,9.474809282859717
509,ethan,Stimulus,Fear,31503,30,12.353413842452241
510,ethan,Stimulus,Fear,31483,50,2.144854066407433
511,ethan,Stimulus,Fear,31463,70,0.6649751365173133
512,ethan,Stimulus,Joy,55204,1,0.5852076763537428
513,ethan,Stimulus,Joy,55200,5,2.9245963546330263
514,ethan,Stimulus,Joy,55195,10,5.834879112565253
515,ethan,Stimulus,Joy,55190,15,8.629954499002363
516,ethan,Stimulus,Joy,55185,20,11.047192604707
517,ethan,Stimulus,Joy,55175,30,14.10082218933019
518,ethan,Stimulus,Joy,55155,50,1.2321230787019537
519,ethan,Stimulus,Joy,55135,70,0.25555974263335896
520,ethan,Stimulus,Sadness,31532,1,0.03959852597604214
521,ethan,Stimulus,Sadness,31528,5,0.19722585730422584
522,ethan,Stimulus,Sadness,31523,10,0.3918214805380208
523,ethan,Stimulus,Sadness,31518,15,0.5842073076528844
524,ethan,Stimulus,Sadness,31513,20,0.7724183667133959
525,ethan,Stimulus,Sadness,31503,30,1.1347204110073221
526,ethan,Stimulus,Sadness,31483,50,1.323411692144546
527,ethan,Stimulus,Sadness,31463,70,1.3942359569402327
528,ethan,Stimulus,Surprise,34298,1,0.3221117530016281
529,ethan,Stimulus,Surprise,34294,5,1.6039668997616279
530,ethan,Stimulus,Surprise,34289,10,3.1882605641235253
531,ethan,Stimulus,Surprise,34284,15,4.720815763550213
532,ethan,Stimulus,Surprise,34279,20,6.157908248227874
533,ethan,Stimulus,Surprise,34269,30,8.630639475251753
534,ethan,Stimulus,Surprise,34249,50,3.952060760006304
535,ethan,Stimulus,Surprise,34229,70,2.2679940731058013
536,ethan,Stimulus,Trust,55204,1,0.40673793931751195
537,ethan,Stimulus,Trust,55200,5,2.03285392986339
538,ethan,Stimulus,Trust,55195,10,4.0585915103956545
539,ethan,Stimulus,Trust,55190,15,6.043461187484903
540,ethan,Stimulus,Trust,55185,20,7.921411948245816
541,ethan,Stimulus,Trust,55175,30,11.109009325625305
542,ethan,Stimulus,Trust,55155,50,3.0154963200582747
543,ethan,Stimulus,Trust,55135,70,1.164068689409284
544,ethan,Stimulus,Valence,25907,1,0.41861692852975485
545,ethan,Stimulus,Valence,25903,5,2.0902676509228404
546,ethan,Stimulus,Valence,25898,10,4.160855131964991
547,ethan,Stimulus,Valence,25893,15,6.1590879019498805
548,ethan,Stimulus,Valence,25888,20,8.000586209458783
549,ethan,Stimulus,Valence,25878,30,10.964158101530396
550,ethan,Stimulus,Valence,25858,50,2.8112825090479743
551,ethan,Stimulus,Valence,25838,70,1.0697376953443658
552,ethan frome,Other,Unknown,55204,1,0.5852076763537428
553,ethan frome,Other,Unknown,55200,5,2.9245963546330263
554,ethan frome,Other,Unknown,55195,10,5.834879112565253
555,ethan frome,Other,Unknown,55190,15,8.629954499002363
556,ethan frome,Other,Unknown,55185,20,11.047192604707
557,ethan frome,Other,Unknown,55175,30,14.10082218933019
558,ethan frome,Other,Unknown,55155,50,1.2321230787019537
559,ethan frome,Other,Unknown,55135,70,0.25555974263335896
560,ethan frome,Response,Anger,31532,1,0.02716203075402235
561,ethan frome,Response,Anger,31528,5,0.13412549397194568
562,ethan frome,Response,Anger,31523,10,0.26471659676805304
563,ethan frome,Response,Anger,31518,15,0.3926725170395804
564,ethan frome,Response,Anger,31513,20,0.5188585665656199
565,ethan frome,Response,Anger,31503,30,0.7671306342039327
566,ethan frome,Response,Anger,31483,50,0.9916785054103702
567,ethan frome,Response,Anger,31463,70,1.0883130768602545
568,ethan frome,Response,Anticipation,55204,1,0.996433641264783
569,ethan frome,Response,Anticipation,55200,5,4.980686347421195
570,ethan frome,Response,Anticipation,55195,10,9.946811806307728
571,ethan frome,Response,Anticipation,55190,15,14.445203095457556
572,ethan frome,Response,Anticipation,55185,20,15.687546505284079
573,ethan frome,Response,Anticipation,55175,30,15.75154586256853
574,ethan frome,Response,Anticipation,55155,50,0.0
575,ethan frome,Response,Anticipation,55135,70,0.0
576,ethan frome,Response,Arousal,55204,1,0.7830632893984535
577,ethan frome,Response,Arousal,55200,5,3.9135595836420727
578,ethan frome,Response,Arousal,55195,10,7.809486384923836
579,ethan frome,Response,Arousal,55190,15,11.440630349210473
580,ethan frome,Response,Arousal,55185,20,13.972942174502819
581,ethan frome,Response,Arousal,55175,30,15.592556694128898
582,ethan frome,Response,Arousal,55155,50,0.0
583,ethan frome,Response,Arousal,55135,70,0.010914158423807963
584,ethan frome,Response,Disgust,55204,1,0.5851603140911118
585,ethan frome,Response,Disgust,55200,5,2.924370248429502
586,ethan frome,Response,Disgust,55195,10,5.834435476116077
587,ethan frome,Response,Disgust,55190,15,8.629314176031142
588,ethan frome,Response,Disgust,55185,20,11.046312174275053
589,ethan frome,Response,Disgust,55175,30,14.099481673098431
590,ethan frome,Response,Disgust,55155,50,1.232036869156089
591,ethan frome,Response,Disgust,55135,70,0.25555974263335896
592,ethan frome,Response,Dominance,55204,1,0.3277871076624371
593,ethan frome,Response,Dominance,55200,5,1.634036197308687
594,ethan frome,Response,Dominance,55195,10,3.256410250499539
595,ethan frome,Response,Dominance,55190,15,4.842549082759358
596,ethan frome,Response,Dominance,55185,20,6.34690762806716
597,ethan frome,Response,Dominance,55175,30,8.993666200026782
598,ethan frome,Response,Dominance,55155,50,3.814051580434994
599,ethan frome,Response,Dominance,55135,70,2.118618173188197
600,ethan frome,Response,Fear,55204,1,0.626731315674422
601,ethan frome,Response,Fear,55200,5,3.1308258139813216
602,ethan frome,Response,Fear,55195,10,6.24490591928937
603,ethan frome,Response,Fear,55190,15,9.211195042018941
604,ethan frome,Response,Fear,55185,20,11.70169601396709
605,ethan frome,Response,Fear,55175,30,14.57651179972387
606,ethan frome,Response,Fear,55155,50,0.9948626740401864
607,ethan frome,Response,Fear,55135,70,0.15712514824484491
608,ethan frome,Response,Joy,55204,1,0.40673793931751195
609,ethan frome,Response,Joy,55200,5,2.03285392986339
610,ethan frome,Response,Joy,55195,10,4.0585915103956545
611,ethan frome,Response,Joy,55190,15,6.043461187484903
612,ethan frome,Response,Joy,55185,20,7.921411948245816
613,ethan frome,Response,Joy,55175,30,11.109009325625305
614,ethan frome,Response,Joy,55155,50,3.0154963200582747
615,ethan frome,Response,Joy,55135,70,1.164068689409284
616,ethan frome,Response,Sadness,55204,1,0.40673793931751195
617,ethan frome,Response,Sadness,55200,5,2.03285392986339
618,ethan frome,Response,Sadness,55195,10,4.0585915103956545
619,ethan frome,Response,Sadness,55190,15,6.043461187484903
620,ethan frome,Response,Sadness,55185,20,7.921411948245816
621,ethan frome,Response,Sadness,55175,30,11.109009325625305
622,ethan frome,Response,Sadness,55155,50,3.0154963200582747
623,ethan frome,Response,Sadness,55135,70,1.164068689409284
624,ethan frome,Response,Surprise,7003,1,0.07114120029297326
625,ethan frome,Response,Surprise,6999,5,0.3544621825328159
626,ethan frome,Response,Surprise,6994,10,0.7034675986910968
627,ethan frome,Response,Surprise,6989,15,1.042564073716535
628,ethan frome,Response,Surprise,6984,20,1.3649187266713787
629,ethan frome,Response,Surprise,6974,30,1.9725567244443616
630,ethan frome,Response,Surprise,6954,50,2.04731290379262
631,ethan frome,Response,Surprise,6934,70,2.0308985659514684
632,ethan frome,Response,Trust,55204,1,0.5852076763537428
633,ethan frome,Response,Trust,55200,5,2.9245963546330263
634,ethan frome,Response,Trust,55195,10,5.834879112565253
635,ethan frome,Response,Trust,55190,15,8.629954499002363
636,ethan frome,Response,Trust,55185,20,11.047192604707
637,ethan frome,Response,Trust,55175,30,14.10082218933019
638,ethan frome,Response,Trust,55155,50,1.2321230787019537
639,ethan frome,Response,Trust,55135,70,0.25555974263335896
640,ethan frome,Response,Valence,55204,1,0.6265115084170416
641,ethan frome,Response,Valence,55200,5,3.1297310708639965
642,ethan frome,Response,Valence,55195,10,6.242765267335918
643,ethan frome,Response,Valence,55190,15,9.20792556056827
644,ethan frome,Response,Valence,55185,20,11.697612555935386
645,ethan frome,Response,Valence,55175,30,14.574965924252423
646,ethan frome,Response,Valence,55155,50,0.9964133231597998
647,ethan frome,Response,Valence,55135,70,0.15712514824484491
648,ethan frome,Stimulus,Anger,31532,1,0.026077608635930855
649,ethan frome,Stimulus,Anger,31528,5,0.10189378566804262
650,ethan frome,Stimulus,Anger,31523,10,0.17361208049793575
651,ethan frome,Stimulus,Anger,31518,15,0.2267398391692796
652,ethan frome,Stimulus,Anger,31513,20,0.2732678135764844
653,ethan frome,Stimulus,Anger,31503,30,0.36308282506743966
654,ethan frome,Stimulus,Anger,31483,50,0.3950716489442196
655,ethan frome,Stimulus,Anger,31463,70,0.4353541410263118
656,ethan frome,Stimulus,Anticipation,55204,1,0.4514457050137491
657,ethan frome,Stimulus,Anticipation,55200,5,2.250064177389776
658,ethan frome,Stimulus,Anticipation,55195,10,4.4819874872469665
659,ethan frome,Stimulus,Anticipation,55190,15,6.635057526363357
660,ethan frome,Stimulus,Anticipation,55185,20,8.5975803625075
661,ethan frome,Stimulus,Anticipation,55175,30,11.700480377478426
662,ethan frome,Stimulus,Anticipation,55155,50,2.8363605388413364
663,ethan frome,Stimulus,Anticipation,55135,70,1.0707327119984011
664,ethan frome,Stimulus,Arousal,14901,1,0.8236664763144184
665,ethan frome,Stimulus,Arousal,14897,5,4.094544575686535
666,ethan frome,Stimulus,Arousal,14892,10,8.128858744766656
667,ethan frome,Stimulus,Arousal,14887,15,11.419236950813765
668,ethan frome,Stimulus,Arousal,14882,20,13.071408672574659
669,ethan frome,Stimulus,Arousal,14872,30,13.815907518109
670,ethan frome,Stimulus,Arousal,14852,50,0.2048868726220912
671,ethan frome,Stimulus,Arousal,14832,70,0.009283181292524118
672,ethan frome,Stimulus,Disgust,31532,1,0.03010128517897238
673,ethan frome,Stimulus,Disgust,31528,5,0.11934920759798105
674,ethan frome,Stimulus,Disgust,31523,10,0.20109372244084667
675,ethan frome,Stimulus,Disgust,31518,15,0.26434017097348744
676,ethan frome,Stimulus,Disgust,31513,20,0.3195537100257316
677,ethan frome,Stimulus,Disgust,31503,30,0.42408404880171247
678,ethan frome,Stimulus,Disgust,31483,50,0.4466813320894364
679,ethan frome,Stimulus,Disgust,31463,70,0.48837942778849736
680,ethan frome,Stimulus,Dominance,55204,1,0.40673793931751195
681,ethan frome,Stimulus,Dominance,55200,5,2.03285392986339
682,ethan frome,Stimulus,Dominance,55195,10,4.0585915103956545
683,ethan frome,Stimulus,Dominance,55190,15,6.043461187484903
684,ethan frome,Stimulus,Dominance,55185,20,7.921411948245816
685,ethan frome,Stimulus,Dominance,55175,30,11.109009325625305
686,ethan frome,Stimulus,Dominance,55155,50,3.0154963200582747
687,ethan frome,Stimulus,Dominance,55135,70,1.164068689409284
688,ethan frome,Stimulus,Fear,28891,1,0.4304112228319841
689,ethan frome,Stimulus,Fear,28887,5,2.1482627906315317
690,ethan frome,Stimulus,Fear,28882,10,4.278293720865119
691,ethan frome,Stimulus,Fear,28877,15,6.333466027392726
692,ethan frome,Stimulus,Fear,28872,20,8.21218986159556
693,ethan frome,Stimulus,Fear,28862,30,11.19086183990632
694,ethan frome,Stimulus,Fear,28842,50,2.7018813844884413
695,ethan frome,Stimulus,Fear,28822,70,0.9428764706858466
696,ethan frome,Stimulus,Joy,55204,1,0.3833062029984753
697,ethan frome,Stimulus,Joy,55200,5,1.9083944681573304
698,ethan frome,Stimulus,Joy,55195,10,3.8004890695922713
699,ethan frome,Stimulus,Joy,55190,15,5.636741288472872
700,ethan frome,Stimulus,Joy,55185,20,7.360292760571073
701,ethan frome,Stimulus,Joy,55175,30,10.25339347221613
702,ethan frome,Stimulus,Joy,55155,50,3.548949653491347
703,ethan frome,Stimulus,Joy,55135,70,1.725083896313047
704,ethan frome,Stimulus,Sadness,55204,1,0.4475959008173278
705,ethan frome,Stimulus,Sadness,55200,5,2.2310544820717713
706,ethan frome,Stimulus,Sadness,55195,10,4.444560889211082
707,ethan frome,Stimulus,Sadness,55190,15,6.582243545361457
708,ethan frome,Stimulus,Sadness,55185,20,8.551318520329481
709,ethan frome,Stimulus,Sadness,55175,30,11.652114466720784
710,ethan frome,Stimulus,Sadness,55155,50,2.7970477848594553
711,ethan frome,Stimulus,Sadness,55135,70,1.0541723712515612
712,ethan frome,Stimulus,Surprise,16075,1,0.7578320474854217
713,ethan frome,Stimulus,Surprise,16071,5,3.7865476771826416
714,ethan frome,Stimulus,Surprise,16066,10,7.532828652678988
715,ethan frome,Stimulus,Surprise,16061,15,10.794782936514428
716,ethan frome,Stimulus,Surprise,16056,20,12.809213769900712
717,ethan frome,Stimulus,Surprise,16046,30,13.89235122524732
718,ethan frome,Stimulus,Surprise,16026,50,0.0
719,ethan frome,Stimulus,Surprise,16006,70,0.003850765950388499
720,ethan frome,Stimulus,Trust,25907,1,0.2644561693489914
721,ethan frome,Stimulus,Trust,25903,5,1.3135621085773213
722,ethan frome,Stimulus,Trust,25898,10,2.6099122171150024
723,ethan frome,Stimulus,Trust,25893,15,3.8631292848186427
724,ethan frome,Stimulus,Trust,25888,20,5.046034355391499
725,ethan frome,Stimulus,Trust,25878,30,7.148952696364567
726,ethan frome,Stimulus,Trust,25858,50,4.0947306996518344
727,ethan frome,Stimulus,Trust,25838,70,2.669809527223982
728,ethan frome,Stimulus,Valence,55204,1,0.3277871076624371
729,ethan frome,Stimulus,Valence,55200,5,1.634036197308687
730,ethan frome,Stimulus,Valence,55195,10,3.256410250499539
731,ethan frome,Stimulus,Valence,55190,15,4.842549082759358
732,ethan frome,Stimulus,Valence,55185,20,6.34690762806716
733,ethan frome,Stimulus,Valence,55175,30,8.993666200026782
734,ethan frome,Stimulus,Valence,55155,50,3.814051580434994
735,ethan frome,Stimulus,Valence,55135,70,2.118618173188197
736,matt,Other,Unknown,55204,1,0.4475959008173278
737,matt,Other,Unknown,55200,5,2.2310544820717713
738,matt,Other,Unknown,55195,10,4.444560889211082
739,matt,Other,Unknown,55190,15,6.582243545361457
740,matt,Other,Unknown,55185,20,8.551318520329481
741,matt,Other,Unknown,55175,30,11.652114466720784
742,matt,Other,Unknown,55155,50,2.7970477848594553
743,matt,Other,Unknown,55135,70,1.0541723712515612
744,matt,Response,Anger,25907,1,0.6483317266237383
745,matt,Response,Anger,25903,5,3.2001116843242445
746,matt,Response,Anger,25898,10,6.348926440409725
747,matt,Response,Anger,25893,15,9.166650503746018
748,matt,Response,Anger,25888,20,11.23566795472292
749,matt,Response,Anger,25878,30,13.3886202378137
750,matt,Response,Anger,25858,50,1.45033661640134
751,matt,Response,Anger,25838,70,0.4747844132442165
752,matt,Response,Anticipation,14901,1,0.8236664763144184
753,matt,Response,Anticipation,14897,5,4.094544575686535
754,matt,Response,Anticipation,14892,10,8.128858744766656
755,matt,Response,Anticipation,14887,15,11.419236950813765
756,matt,Response,Anticipation,14882,20,13.071408672574659
757,matt,Response,Anticipation,14872,30,13.815907518109
758,matt,Response,Anticipation,14852,50,0.2048868726220912
759,matt,Response,Anticipation,14832,70,0.009283181292524118
760,matt,Response,Arousal,55204,1,0.4514457050137491
761,matt,Response,Arousal,55200,5,2.250064177389776
762,matt,Response,Arousal,55195,10,4.4819874872469665
763,matt,Response,Arousal,55190,15,6.635057526363357
764,matt,Response,Arousal,55185,20,8.5975803625075
765,matt,Response,Arousal,55175,30,11.700480377478426
766,matt,Response,Arousal,55155,50,2.8363605388413364
767,matt,Response,Arousal,55135,70,1.0707327119984011
768,matt,Response,Disgust,31532,1,0.026077608635930855
769,matt,Response,Disgust,31528,5,0.10189378566804262
770,matt,Response,Disgust,31523,10,0.17361208049793575
771,matt,Response,Disgust,31518,15,0.2267398391692796
772,matt,Response,Disgust,31513,20,0.2732678135764844
773,matt,Response,Disgust,31503,30,0.36308282506743966
774,matt,Response,Disgust,31483,50,0.3950716489442196
775,matt,Response,Disgust,31463,70,0.4353541410263118
776,matt,Response,Dominance,55204,1,0.6265115084170416
777,matt,Response,Dominance,55200,5,3.1297310708639965
778,matt,Response,Dominance,55195,10,6.242765267335918
779,matt,Response,Dominance,55190,15,9.20792556056827
780,matt,Response,Dominance,55185,20,11.697612555935386
781,matt,Response,Dominance,55175,30,14.574965924252423
782,matt,Response,Dominance,55155,50,0.9964133231597998
783,matt,Response,Dominance,55135,70,0.15712514824484491
784,matt,Response,Fear,55204,1,0.5852076763537428
785,matt,Response,Fear,55200,5,2.9245963546330263
786,matt,Response,Fear,55195,10,5.834879112565253
787,matt,Response,Fear,55190,15,8.629954499002363
788,matt,Response,Fear,55185,20,11.047192604707
789,matt,Response,Fear,55175,30,14.10082218933019
790,matt,Response,Fear,55155,50,1.2321230787019537
791,matt,Response,Fear,55135,70,0.25555974263335896
792,matt,Response,Joy,7003,1,0.07114120029297326
793,matt,Response,Joy,6999,5,0.3544621825328159
794,matt,Response,Joy,6994,10,0.7034675986910968
795,matt,Response,Joy,6989,15,1.042564073716535
796,matt,Response,Joy,6984,20,1.3649187266713787
797,matt,Response,Joy,6974,30,1.9725567244443616
798,matt,Response,Joy,6954,50,2.04731290379262
799,matt,Response,Joy,6934,70,2.0308985659514684
800,matt,Response,Sadness,55204,1,0.40673793931751195
801,matt,Response,Sadness,55200,5,2.03285392986339
802,matt,Response,Sadness,55195,10,4.0585915103956545
803,matt,Response,Sadness,55190,15,6.043461187484903
804,matt,Response,Sadness,55185,20,7.921411948245816
805,matt,Response,Sadness,55175,30,11.109009325625305
806,matt,Response,Sadness,55155,50,3.0154963200582747
807,matt,Response,Sadness,55135,70,1.164068689409284
808,matt,Response,Surprise,55204,1,0.40673793931751195
809,matt,Response,Surprise,55200,5,2.03285392986339
810,matt,Response,Surprise,55195,10,4.0585915103956545
811,matt,Response,Surprise,55190,15,6.043461187484903
812,matt,Response,Surprise,55185,20,7.921411948245816
813,matt,Response,Surprise,55175,30,11.109009325625305
814,matt,Response,Surprise,55155,50,3.0154963200582747
815,matt,Response,Surprise,55135,70,1.164068689409284
816,matt,Response,Trust,55204,1,0.626731315674422
817,matt,Response,Trust,55200,5,3.1308258139813216
818,matt,Response,Trust,55195,10,6.24490591928937
819,matt,Response,Trust,55190,15,9.211195042018941
820,matt,Response,Trust,55185,20,11.70169601396709
821,matt,Response,Trust,55175,30,14.57651179972387
822,matt,Response,Trust,55155,50,0.9948626740401864
823,matt,Response,Trust,55135,70,0.15712514824484491
824,matt,Response,Valence,55204,1,0.3277871076624371
825,matt,Response,Valence,55200,5,1.634036197308687
826,matt,Response,Valence,55195,10,3.256410250499539
827,matt,Response,Valence,55190,15,4.842549082759358
828,matt,Response,Valence,55185,20,6.34690762806716
829,matt,Response,Valence,55175,30,8.993666200026782
830,matt,Response,Valence,55155,50,3.814051580434994
831,matt,Response,Valence,55135,70,2.118618173188197
832,matt,Stimulus,Anger,55204,1,0.5851603140911118
833,matt,Stimulus,Anger,55200,5,2.924370248429502
834,matt,Stimulus,Anger,55195,10,5.834435476116077
835,matt,Stimulus,Anger,55190,15,8.629314176031142
836,matt,Stimulus,Anger,55185,20,11.046312174275053
837,matt,Stimulus,Anger,55175,30,14.099481673098431
838,matt,Stimulus,Anger,55155,50,1.232036869156089
839,matt,Stimulus,Anger,55135,70,0.25555974263335896
840,matt,Stimulus,Anticipation,55204,1,0.7830632893984535
841,matt,Stimulus,Anticipation,55200,5,3.9135595836420727
842,matt,Stimulus,Anticipation,55195,10,7.809486384923836
843,matt,Stimulus,Anticipation,55190,15,11.440630349210473
844,matt,Stimulus,Anticipation,55185,20,13.972942174502819
845,matt,Stimulus,Anticipation,55175,30,15.592556694128898
846,matt,Stimulus,Anticipation,55155,50,0.0
847,matt,Stimulus,Anticipation,55135,70,0.010914158423807963
848,matt,Stimulus,Arousal,55204,1,0.996433641264783
849,matt,Stimulus,Arousal,55200,5,4.980686347421195
850,matt,Stimulus,Arousal,55195,10,9.946811806307728
851,matt,Stimulus,Arousal,55190,15,14.445203095457556
852,matt,Stimulus,Arousal,55185,20,15.687546505284079
853,matt,Stimulus,Arousal,55175,30,15.75154586256853
854,matt,Stimulus,Arousal,55155,50,0.0
855,matt,Stimulus,Arousal,55135,70,0.0
856,matt,Stimulus,Disgust,31532,1,0.02716203075402235
857,matt,Stimulus,Disgust,31528,5,0.13412549397194568
858,matt,Stimulus,Disgust,31523,10,0.26471659676805304
859,matt,Stimulus,Disgust,31518,15,0.3926725170395804
860,matt,Stimulus,Disgust,31513,20,0.5188585665656199
861,matt,Stimulus,Disgust,31503,30,0.7671306342039327
862,matt,Stimulus,Disgust,31483,50,0.9916785054103702
863,matt,Stimulus,Disgust,31463,70,1.0883130768602545
864,matt,Stimulus,Dominance,55204,1,0.5852076763537428
865,matt,Stimulus,Dominance,55200,5,2.9245963546330263
866,matt,Stimulus,Dominance,55195,10,5.834879112565253
867,matt,Stimulus,Dominance,55190,15,8.629954499002363
868,matt,Stimulus,Dominance,55185,20,11.047192604707
869,matt,Stimulus,Dominance,55175,30,14.10082218933019
870,matt,Stimulus,Dominance,55155,50,1.2321230787019537
871,matt,Stimulus,Dominance,55135,70,0.25555974263335896
872,matt,Stimulus,Fear,28891,1,0.4304112228319841
873,matt,Stimulus,Fear,28887,5,2.1482627906315317
874,matt,Stimulus,Fear,28882,10,4.278293720865119
875,matt,Stimulus,Fear,28877,15,6.333466027392726
876,matt,Stimulus,Fear,28872,20,8.21218986159556
877,matt,Stimulus,Fear,28862,30,11.19086183990632
878,matt,Stimulus,Fear,28842,50,2.7018813844884413
879,matt,Stimulus,Fear,28822,70,0.9428764706858466
880,matt,Stimulus,Joy,55204,1,0.40673793931751195
881,matt,Stimulus,Joy,55200,5,2.03285392986339
882,matt,Stimulus,Joy,55195,10,4.0585915103956545
883,matt,Stimulus,Joy,55190,15,6.043461187484903
884,matt,Stimulus,Joy,55185,20,7.921411948245816
885,matt,Stimulus,Joy,55175,30,11.109009325625305
886,matt,Stimulus,Joy,55155,50,3.0154963200582747
887,matt,Stimulus,Joy,55135,70,1.164068689409284
888,matt,Stimulus,Sadness,55204,1,0.5366851840540414
889,matt,Stimulus,Sadness,55200,5,2.6790886724486356
890,matt,Stimulus,Sadness,55195,10,5.339684071377229
891,matt,Stimulus,Sadness,55190,15,7.885502909059345
892,matt,Stimulus,Sadness,55185,20,10.141162927965668
893,matt,Stimulus,Sadness,55175,30,13.27816386729667
894,matt,Stimulus,Sadness,55155,50,1.873660321370791
895,matt,Stimulus,Sadness,55135,70,0.5061554097547828
896,matt,Stimulus,Surprise,26589,1,0.20675207112378088
897,matt,Stimulus,Surprise,26585,5,1.0327371874371893
898,matt,Stimulus,Surprise,26580,10,2.060197625842102
899,matt,Stimulus,Surprise,26575,15,3.075239614746338
900,matt,Stimulus,Surprise,26570,20,4.065382653882425
901,matt,Stimulus,Surprise,26560,30,5.93176282086754
902,matt,Stimulus,Surprise,26540,50,4.157105743207366
903,matt,Stimulus,Surprise,26520,70,2.9912659141490088
904,matt,Stimulus,Trust,25907,1,0.1966689994602756
905,matt,Stimulus,Trust,25903,5,0.9744829922081247
906,matt,Stimulus,Trust,25898,10,1.9318558021022774
907,matt,Stimulus,Trust,25893,15,2.863003181229077
908,matt,Stimulus,Trust,25888,20,3.7532337318477014
909,matt,Stimulus,Trust,25878,30,5.39362895989412
910,matt,Stimulus,Trust,25858,50,3.8827365495775874
911,matt,Stimulus,Trust,25838,70,3.024400832429927
912,matt,Stimulus,Valence,31532,1,0.5100183880699637
913,matt,Stimulus,Valence,31528,5,2.542589287168782
914,matt,Stimulus,Valence,31523,10,5.0568849920349255
915,matt,Stimulus,Valence,31518,15,7.428697126559158
916,matt,Stimulus,Valence,31513,20,9.474809282859717
917,matt,Stimulus,Valence,31503,30,12.353413842452241
918,matt,Stimulus,Valence,31483,50,2.144854066407433
919,matt,Stimulus,Valence,31463,70,0.6649751365173133
920,mattie,Other,Unknown,55204,1,0.5366851840540414
921,mattie,Other,Unknown,55200,5,2.6790886724486356
922,mattie,Other,Unknown,55195,10,5.339684071377229
923,mattie,Other,Unknown,55190,15,7.885502909059345
924,mattie,Other,Unknown,55185,20,10.141162927965668
925,mattie,Other,Unknown,55175,30,13.27816386729667
926,mattie,Other,Unknown,55155,50,1.873660321370791
927,mattie,Other,Unknown,55135,70,0.5061554097547828
928,mattie,Response,Anger,55204,1,0.4250386046169782
929,mattie,Response,Anger,55200,5,2.1230621138514945
930,mattie,Response,Anger,55195,10,4.233656704788506
931,mattie,Response,Anger,55190,15,6.292788957381784
932,mattie,Response,Anger,55185,20,8.228298901417242
933,mattie,Response,Anger,55175,30,11.444295197092766
934,mattie,Response,Anger,55155,50,0.0
935,mattie,Response,Anger,55135,70,0.9987777408084768
936,mattie,Response,Anticipation,55204,1,0.996433641264783
937,mattie,Response,Anticipation,55200,5,4.980686347421195
938,mattie,Response,Anticipation,55195,10,9.946811806307728
939,mattie,Response,Anticipation,55190,15,14.445203095457556
940,mattie,Response,Anticipation,55185,20,15.687546505284079
941,mattie,Response,Anticipation,55175,30,15.75154586256853
942,mattie,Response,Anticipation,55155,50,0.0
943,mattie,Response,Anticipation,55135,70,0.0
944,mattie,Response,Arousal,55204,1,0.7830632893984535
945,mattie,Response,Arousal,55200,5,3.9135595836420727
946,mattie,Response,Arousal,55195,10,7.809486384923836
947,mattie,Response,Arousal,55190,15,11.440630349210473
948,mattie,Response,Arousal,55185,20,13.972942174502819
949,mattie,Response,Arousal,55175,30,15.592556694128898
950,mattie,Response,Arousal,55155,50,0.0
951,mattie,Response,Arousal,55135,70,0.010914158423807963
952,mattie,Response,Disgust,55204,1,0.5851603140911118
953,mattie,Response,Disgust,55200,5,2.924370248429502
954,mattie,Response,Disgust,55195,10,5.834435476116077
955,mattie,Response,Disgust,55190,15,8.629314176031142
956,mattie,Response,Disgust,55185,20,11.046312174275053
957,mattie,Response,Disgust,55175,30,14.099481673098431
958,mattie,Response,Disgust,55155,50,1.232036869156089
959,mattie,Response,Disgust,55135,70,0.25555974263335896
960,mattie,Response,Dominance,55204,1,0.3277871076624371
961,mattie,Response,Dominance,55200,5,1.634036197308687
962,mattie,Response,Dominance,55195,10,3.256410250499539
963,mattie,Response,Dominance,55190,15,4.842549082759358
964,mattie,Response,Dominance,55185,20,6.34690762806716
965,mattie,Response,Dominance,55175,30,8.993666200026782
966,mattie,Response,Dominance,55155,50,3.814051580434994
967,mattie,Response,Dominance,55135,70,2.118618173188197
968,mattie,Response,Fear,55204,1,0.626731315674422
969,mattie,Response,Fear,55200,5,3.1308258139813216
970,mattie,Response,Fear,55195,10,6.24490591928937
971,mattie,Response,Fear,55190,15,9.211195042018941
972,mattie,Response,Fear,55185,20,11.70169601396709
973,mattie,Response,Fear,55175,30,14.57651179972387
974,mattie,Response,Fear,55155,50,0.9948626740401864
975,mattie,Response,Fear,55135,70,0.15712514824484491
976,mattie,Response,Joy,55204,1,0.40673793931751195
977,mattie,Response,Joy,55200,5,2.03285392986339
978,mattie,Response,Joy,55195,10,4.0585915103956545
979,mattie,Response,Joy,55190,15,6.043461187484903
980,mattie,Response,Joy,55185,20,7.921411948245816
981,mattie,Response,Joy,55175,30,11.109009325625305
982,mattie,Response,Joy,55155,50,3.0154963200582747
983,mattie,Response,Joy,55135,70,1.164068689409284
984,mattie,Response,Sadness,55204,1,0.40673793931751195
985,mattie,Response,Sadness,55200,5,2.03285392986339
986,mattie,Response,Sadness,55195,10,4.0585915103956545
987,mattie,Response,Sadness,55190,15,6.043461187484903
988,mattie,Response,Sadness,55185,20,7.921411948245816
989,mattie,Response,Sadness,55175,30,11.109009325625305
990,mattie,Response,Sadness,55155,50,3.0154963200582747
991,mattie,Response,Sadness,55135,70,1.164068689409284
992,mattie,Response,Surprise,7003,1,0.07114120029297326
993,mattie,Response,Surprise,6999,5,0.3544621825328159
994,mattie,Response,Surprise,6994,10,0.7034675986910968
995,mattie,Response,Surprise,6989,15,1.042564073716535
996,mattie,Response,Surprise,6984,20,1.3649187266713787
997,mattie,Response,Surprise,6974,30,1.9725567244443616
998,mattie,Response,Surprise,6954,50,2.04731290379262
999,mattie,Response,Surprise,6934,70,2.0308985659514684
1000,mattie,Response,Trust,55204,1,0.5852076763537428
1001,mattie,Response,Trust,55200,5,2.9245963546330263
1002,mattie,Response,Trust,55195,10,5.834879112565253
1003,mattie,Response,Trust,55190,15,8.629954499002363
1004,mattie,Response,Trust,55185,20,11.047192604707
1005,mattie,Response,Trust,55175,30,14.10082218933019
1006,mattie,Response,Trust,55155,50,1.2321230787019537
1007,mattie,Response,Trust,55135,70,0.25555974263335896
1008,mattie,Response,Valence,55204,1,0.6265115084170416
1009,mattie,Response,Valence,55200,5,3.1297310708639965
1010,mattie,Response,Valence,55195,10,6.242765267335918
1011,mattie,Response,Valence,55190,15,9.20792556056827
1012,mattie,Response,Valence,55185,20,11.697612555935386
1013,mattie,Response,Valence,55175,30,14.574965924252423
1014,mattie,Response,Valence,55155,50,0.9964133231597998
1015,mattie,Response,Valence,55135,70,0.15712514824484491
1016,mattie,Stimulus,Anger,31532,1,0.026077608635930855
1017,mattie,Stimulus,Anger,31528,5,0.10189378566804262
1018,mattie,Stimulus,Anger,31523,10,0.17361208049793575
1019,mattie,Stimulus,Anger,31518,15,0.2267398391692796
1020,mattie,Stimulus,Anger,31513,20,0.2732678135764844
1021,mattie,Stimulus,Anger,31503,30,0.36308282506743966
1022,mattie,Stimulus,Anger,31483,50,0.3950716489442196
1023,mattie,Stimulus,Anger,31463,70,0.4353541410263118
1024,mattie,Stimulus,Anticipation,55204,1,0.4514457050137491
1025,mattie,Stimulus,Anticipation,55200,5,2.250064177389776
1026,mattie,Stimulus,Anticipation,55195,10,4.4819874872469665
1027,mattie,Stimulus,Anticipation,55190,15,6.635057526363357
1028,mattie,Stimulus,Anticipation,55185,20,8.5975803625075
1029,mattie,Stimulus,Anticipation,55175,30,11.700480377478426
1030,mattie,Stimulus,Anticipation,55155,50,2.8363605388413364
1031,mattie,Stimulus,Anticipation,55135,70,1.0707327119984011
1032,mattie,Stimulus,Arousal,14901,1,0.8236664763144184
1033,mattie,Stimulus,Arousal,14897,5,4.094544575686535
1034,mattie,Stimulus,Arousal,14892,10,8.128858744766656
1035,mattie,Stimulus,Arousal,14887,15,11.419236950813765
1036,mattie,Stimulus,Arousal,14882,20,13.071408672574659
1037,mattie,Stimulus,Arousal,14872,30,13.815907518109
1038,mattie,Stimulus,Arousal,14852,50,0.2048868726220912
1039,mattie,Stimulus,Arousal,14832,70,0.009283181292524118
1040,mattie,Stimulus,Disgust,25907,1,0.6483317266237383
1041,mattie,Stimulus,Disgust,25903,5,3.2001116843242445
1042,mattie,Stimulus,Disgust,25898,10,6.348926440409725
1043,mattie,Stimulus,Disgust,25893,15,9.166650503746018
1044,mattie,Stimulus,Disgust,25888,20,11.23566795472292
1045,mattie,Stimulus,Disgust,25878,30,13.3886202378137
1046,mattie,Stimulus,Disgust,25858,50,1.45033661640134
1047,mattie,Stimulus,Disgust,25838,70,0.4747844132442165
1048,mattie,Stimulus,Dominance,55204,1,0.4475959008173278
1049,mattie,Stimulus,Dominance,55200,5,2.2310544820717713
1050,mattie,Stimulus,Dominance,55195,10,4.444560889211082
1051,mattie,Stimulus,Dominance,55190,15,6.582243545361457
1052,mattie,Stimulus,Dominance,55185,20,8.551318520329481
1053,mattie,Stimulus,Dominance,55175,30,11.652114466720784
1054,mattie,Stimulus,Dominance,55155,50,2.7970477848594553
1055,mattie,Stimulus,Dominance,55135,70,1.0541723712515612
1056,mattie,Stimulus,Fear,28891,1,0.4304112228319841
1057,mattie,Stimulus,Fear,28887,5,2.1482627906315317
1058,mattie,Stimulus,Fear,28882,10,4.278293720865119
1059,mattie,Stimulus,Fear,28877,15,6.333466027392726
1060,mattie,Stimulus,Fear,28872,20,8.21218986159556
1061,mattie,Stimulus,Fear,28862,30,11.19086183990632
1062,mattie,Stimulus,Fear,28842,50,2.7018813844884413
1063,mattie,Stimulus,Fear,28822,70,0.9428764706858466
1064,mattie,Stimulus,Joy,31532,1,0.010602841711717501
1065,mattie,Stimulus,Joy,31528,5,0.051571188755489335
1066,mattie,Stimulus,Joy,31523,10,0.0982939081928291
1067,mattie,Stimulus,Joy,31518,15,0.1409016052102733
1068,mattie,Stimulus,Joy,31513,20,0.1807322667413689
1069,mattie,Stimulus,Joy,31503,30,0.25216917681832207
1070,mattie,Stimulus,Joy,31483,50,0.2966119804928084
1071,mattie,Stimulus,Joy,31463,70,0.3324138611722576
1072,mattie,Stimulus,Sadness,55204,1,0.5852076763537428
1073,mattie,Stimulus,Sadness,55200,5,2.9245963546330263
1074,mattie,Stimulus,Sadness,55195,10,5.834879112565253
1075,mattie,Stimulus,Sadness,55190,15,8.629954499002363
1076,mattie,Stimulus,Sadness,55185,20,11.047192604707
1077,mattie,Stimulus,Sadness,55175,30,14.10082218933019
1078,mattie,Stimulus,Sadness,55155,50,1.2321230787019537
1079,mattie,Stimulus,Sadness,55135,70,0.25555974263335896
1080,mattie,Stimulus,Surprise,34298,1,0.3222284894205585
1081,mattie,Stimulus,Surprise,34294,5,1.6045793616495168
1082,mattie,Stimulus,Surprise,34289,10,3.18948659948228
1083,mattie,Stimulus,Surprise,34284,15,4.72268358340052
1084,mattie,Stimulus,Surprise,34279,20,6.160481826268677
1085,mattie,Stimulus,Surprise,34269,30,8.634577573983224
1086,mattie,Stimulus,Surprise,34249,50,3.951802774553423
1087,mattie,Stimulus,Surprise,34229,70,2.265219489579509
1088,mattie,Stimulus,Trust,31532,1,0.5278237736512355
1089,mattie,Stimulus,Trust,31528,5,2.629988627486595
1090,mattie,Stimulus,Trust,31523,10,5.227354381256387
1091,mattie,Stimulus,Trust,31518,15,7.650319190173009
1092,mattie,Stimulus,Trust,31513,20,9.676468660519468
1093,mattie,Stimulus,Trust,31503,30,12.396581102559198
1094,mattie,Stimulus,Trust,31483,50,2.1378785595455274
1095,mattie,Stimulus,Trust,31463,70,0.7392261076221059
1096,mattie,Stimulus,Valence,55204,1,0.3833062029984753
1097,mattie,Stimulus,Valence,55200,5,1.9083944681573304
1098,mattie,Stimulus,Valence,55195,10,3.8004890695922713
1099,mattie,Stimulus,Valence,55190,15,5.636741288472872
1100,mattie,Stimulus,Valence,55185,20,7.360292760571073
1101,mattie,Stimulus,Valence,55175,30,10.25339347221613
1102,mattie,Stimulus,Valence,55155,50,3.548949653491347
1103,mattie,Stimulus,Valence,55135,70,1.725083896313047
1104,zeena,Other,Unknown,55204,1,0.5852076763537428
1105,zeena,Other,Unknown,55200,5,2.9245963546330263
1106,zeena,Other,Unknown,55195,10,5.834879112565253
1107,zeena,Other,Unknown,55190,15,8.629954499002363
1108,zeena,Other,Unknown,55185,20,11.047192604707
1109,zeena,Other,Unknown,55175,30,14.10082218933019
1110,zeena,Other,Unknown,55155,50,1.2321230787019537
1111,zeena,Other,Unknown,55135,70,0.25555974263335896
1112,zeena,Response,Anger,55204,1,0.40673793931751195
1113,zeena,Response,Anger,55200,5,2.03285392986339
1114,zeena,Response,Anger,55195,10,4.0585915103956545
1115,zeena,Response,Anger,55190,15,6.043461187484903
1116,zeena,Response,Anger,55185,20,7.921411948245816
1117,zeena,Response,Anger,55175,30,11.109009325625305
1118,zeena,Response,Anger,55155,50,3.0154963200582747
1119,zeena,Response,Anger,55135,70,1.164068689409284
1120,zeena,Response,Anticipation,14901,1,0.8236664763144184
1121,zeena,Response,Anticipation,14897,5,4.094544575686535
1122,zeena,Response,Anticipation,14892,10,8.128858744766656
1123,zeena,Response,Anticipation,14887,15,11.419236950813765
1124,zeena,Response,Anticipation,14882,20,13.071408672574659
1125,zeena,Response,Anticipation,14872,30,13.815907518109
1126,zeena,Response,Anticipation,14852,50,0.2048868726220912
1127,zeena,Response,Anticipation,14832,70,0.009283181292524118
1128,zeena,Response,Arousal,55204,1,0.4514457050137491
1129,zeena,Response,Arousal,55200,5,2.250064177389776
1130,zeena,Response,Arousal,55195,10,4.4819874872469665
1131,zeena,Response,Arousal,55190,15,6.635057526363357
1132,zeena,Response,Arousal,55185,20,8.5975803625075
1133,zeena,Response,Arousal,55175,30,11.700480377478426
1134,zeena,Response,Arousal,55155,50,2.8363605388413364
1135,zeena,Response,Arousal,55135,70,1.0707327119984011
1136,zeena,Response,Disgust,31532,1,0.026077608635930855
1137,zeena,Response,Disgust,31528,5,0.10189378566804262
1138,zeena,Response,Disgust,31523,10,0.17361208049793575
1139,zeena,Response,Disgust,31518,15,0.2267398391692796
1140,zeena,Response,Disgust,31513,20,0.2732678135764844
1141,zeena,Response,Disgust,31503,30,0.36308282506743966
1142,zeena,Response,Disgust,31483,50,0.3950716489442196
1143,zeena,Response,Disgust,31463,70,0.4353541410263118
1144,zeena,Response,Dominance,55204,1,0.6265115084170416
1145,zeena,Response,Dominance,55200,5,3.1297310708639965
1146,zeena,Response,Dominance,55195,10,6.242765267335918
1147,zeena,Response,Dominance,55190,15,9.20792556056827
1148,zeena,Response,Dominance,55185,20,11.697612555935386
1149,zeena,Response,Dominance,55175,30,14.574965924252423
1150,zeena,Response,Dominance,55155,50,0.9964133231597998
1151,zeena,Response,Dominance,55135,70,0.15712514824484491
1152,zeena,Response,Fear,55204,1,0.5852076763537428
1153,zeena,Response,Fear,55200,5,2.9245963546330263
1154,zeena,Response,Fear,55195,10,5.834879112565253
1155,zeena,Response,Fear,55190,15,8.629954499002363
1156,zeena,Response,Fear,55185,20,11.047192604707
1157,zeena,Response,Fear,55175,30,14.10082218933019
1158,zeena,Response,Fear,55155,50,1.2321230787019537
1159,zeena,Response,Fear,55135,70,0.25555974263335896
1160,zeena,Response,Joy,7003,1,0.07114120029297326
1161,zeena,Response,Joy,6999,5,0.3544621825328159
1162,zeena,Response,Joy,6994,10,0.7034675986910968
1163,zeena,Response,Joy,6989,15,1.042564073716535
1164,zeena,Response,Joy,6984,20,1.3649187266713787
1165,zeena,Response,Joy,6974,30,1.9725567244443616
1166,zeena,Response,Joy,6954,50,2.04731290379262
1167,zeena,Response,Joy,6934,70,2.0308985659514684
1168,zeena,Response,Sadness,55204,1,0.40673793931751195
1169,zeena,Response,Sadness,55200,5,2.03285392986339
1170,zeena,Response,Sadness,55195,10,4.0585915103956545
1171,zeena,Response,Sadness,55190,15,6.043461187484903
1172,zeena,Response,Sadness,55185,20,7.921411948245816
1173,zeena,Response,Sadness,55175,30,11.109009325625305
1174,zeena,Response,Sadness,55155,50,3.0154963200582747
1175,zeena,Response,Sadness,55135,70,1.164068689409284
1176,zeena,Response,Surprise,55204,1,0.40673793931751195
1177,zeena,Response,Surprise,55200,5,2.03285392986339
1178,zeena,Response,Surprise,55195,10,4.0585915103956545
1179,zeena,Response,Surprise,55190,15,6.043461187484903
1180,zeena,Response,Surprise,55185,20,7.921411948245816
1181,zeena,Response,Surprise,55175,30,11.109009325625305
1182,zeena,Response,Surprise,55155,50,3.0154963200582747
1183,zeena,Response,Surprise,55135,70,1.164068689409284
1184,zeena,Response,Trust,55204,1,0.626731315674422
1185,zeena,Response,Trust,55200,5,3.1308258139813216
1186,zeena,Response,Trust,55195,10,6.24490591928937
1187,zeena,Response,Trust,55190,15,9.211195042018941
1188,zeena,Response,Trust,55185,20,11.70169601396709
1189,zeena,Response,Trust,55175,30,14.57651179972387
1190,zeena,Response,Trust,55155,50,0.9948626740401864
1191,zeena,Response,Trust,55135,70,0.15712514824484491
1192,zeena,Response,Valence,55204,1,0.3277871076624371
1193,zeena,Response,Valence,55200,5,1.634036197308687
1194,zeena,Response,Valence,55195,10,3.256410250499539
1195,zeena,Response,Valence,55190,15,4.842549082759358
1196,zeena,Response,Valence,55185,20,6.34690762806716
1197,zeena,Response,Valence,55175,30,8.993666200026782
1198,zeena,Response,Valence,55155,50,3.814051580434994
1199,zeena,Response,Valence,55135,70,2.118618173188197
1200,zeena,Stimulus,Anger,55204,1,0.5851603140911118
1201,zeena,Stimulus,Anger,55200,5,2.924370248429502
1202,zeena,Stimulus,Anger,55195,10,5.834435476116077
1203,zeena,Stimulus,Anger,55190,15,8.629314176031142
1204,zeena,Stimulus,Anger,55185,20,11.046312174275053
1205,zeena,Stimulus,Anger,55175,30,14.099481673098431
1206,zeena,Stimulus,Anger,55155,50,1.232036869156089
1207,zeena,Stimulus,Anger,55135,70,0.25555974263335896
1208,zeena,Stimulus,Anticipation,55204,1,0.7830632893984535
1209,zeena,Stimulus,Anticipation,55200,5,3.9135595836420727
1210,zeena,Stimulus,Anticipation,55195,10,7.809486384923836
1211,zeena,Stimulus,Anticipation,55190,15,11.440630349210473
1212,zeena,Stimulus,Anticipation,55185,20,13.972942174502819
1213,zeena,Stimulus,Anticipation,55175,30,15.592556694128898
1214,zeena,Stimulus,Anticipation,55155,50,0.0
1215,zeena,Stimulus,Anticipation,55135,70,0.010914158423807963
1216,zeena,Stimulus,Arousal,55204,1,0.996433641264783
1217,zeena,Stimulus,Arousal,55200,5,4.980686347421195
1218,zeena,Stimulus,Arousal,55195,10,9.946811806307728
1219,zeena,Stimulus,Arousal,55190,15,14.445203095457556
1220,zeena,Stimulus,Arousal,55185,20,15.687546505284079
1221,zeena,Stimulus,Arousal,55175,30,15.75154586256853
1222,zeena,Stimulus,Arousal,55155,50,0.0
1223,zeena,Stimulus,Arousal,55135,70,0.0
1224,zeena,Stimulus,Disgust,55204,1,0.4250386046169782
1225,zeena,Stimulus,Disgust,55200,5,2.1230621138514945
1226,zeena,Stimulus,Disgust,55195,10,4.233656704788506
1227,zeena,Stimulus,Disgust,55190,15,6.292788957381784
1228,zeena,Stimulus,Disgust,55185,20,8.228298901417242
1229,zeena,Stimulus,Disgust,55175,30,11.444295197092766
1230,zeena,Stimulus,Disgust,55155,50,0.0
1231,zeena,Stimulus,Disgust,55135,70,0.9987777408084768
1232,zeena,Stimulus,Dominance,55204,1,0.5366851840540414
1233,zeena,Stimulus,Dominance,55200,5,2.6790886724486356
1234,zeena,Stimulus,Dominance,55195,10,5.339684071377229
1235,zeena,Stimulus,Dominance,55190,15,7.885502909059345
1236,zeena,Stimulus,Dominance,55185,20,10.141162927965668
1237,zeena,Stimulus,Dominance,55175,30,13.27816386729667
1238,zeena,Stimulus,Dominance,55155,50,1.873660321370791
1239,zeena,Stimulus,Dominance,55135,70,0.5061554097547828
1240,zeena,Stimulus,Fear,28891,1,0.4304112228319841
1241,zeena,Stimulus,Fear,28887,5,2.1482627906315317
1242,zeena,Stimulus,Fear,28882,10,4.278293720865119
1243,zeena,Stimulus,Fear,28877,15,6.333466027392726
1244,zeena,Stimulus,Fear,28872,20,8.21218986159556
1245,zeena,Stimulus,Fear,28862,30,11.19086183990632
1246,zeena,Stimulus,Fear,28842,50,2.7018813844884413
1247,zeena,Stimulus,Fear,28822,70,0.9428764706858466
1248,zeena,Stimulus,Joy,55204,1,0.4245458838309078
1249,zeena,Stimulus,Joy,55200,5,2.1205873792767083
1250,zeena,Stimulus,Joy,55195,10,4.2287969345375345
1251,zeena,Stimulus,Joy,55190,15,6.285774171458039
1252,zeena,Stimulus,Joy,55185,20,8.218569199722861
1253,zeena,Stimulus,Joy,55175,30,11.43207487153333
1254,zeena,Stimulus,Joy,55155,50,0.0
1255,zeena,Stimulus,Joy,55135,70,1.0045704050066364
1256,zeena,Stimulus,Sadness,31532,1,0.5370745772676203
1257,zeena,Stimulus,Sadness,31528,5,2.6753368364506254
1258,zeena,Stimulus,Sadness,31523,10,5.318589659940858
1259,zeena,Stimulus,Sadness,31518,15,7.788847719673279
1260,zeena,Stimulus,Sadness,31513,20,9.87448979975335
1261,zeena,Stimulus,Sadness,31503,30,12.647681683316188
1262,zeena,Stimulus,Sadness,31483,50,1.9875371042808532
1263,zeena,Stimulus,Sadness,31463,70,0.5722827728103642
1264,zeena,Stimulus,Surprise,34298,1,0.022475365870242712
1265,zeena,Stimulus,Surprise,34294,5,0.08923871941562031
1266,zeena,Stimulus,Surprise,34289,10,0.14426865207834205
1267,zeena,Stimulus,Surprise,34284,15,0.1782755260052287
1268,zeena,Stimulus,Surprise,34279,20,0.20172828830390374
1269,zeena,Stimulus,Surprise,34269,30,0.2197879549861479
1270,zeena,Stimulus,Surprise,34249,50,0.12206947206144836
1271,zeena,Stimulus,Surprise,34229,70,0.11810508678708291
1272,zeena,Stimulus,Trust,31532,1,0.6193761948028459
1273,zeena,Stimulus,Trust,31528,5,3.093740191532045
1274,zeena,Stimulus,Trust,31523,10,6.163047563831796
1275,zeena,Stimulus,Trust,31518,15,9.039170377146457
1276,zeena,Stimulus,Trust,31513,20,11.365852914731029
1277,zeena,Stimulus,Trust,31503,30,13.918165343201512
1278,zeena,Stimulus,Trust,31483,50,0.9762791438530932
1279,zeena,Stimulus,Trust,31463,70,0.14920154385725895
1280,zeena,Stimulus,Valence,55204,1,0.40673793931751195
1281,zeena,Stimulus,Valence,55200,5,2.03285392986339
1282,zeena,Stimulus,Valence,55195,10,4.0585915103956545
1283,zeena,Stimulus,Valence,55190,15,6.043461187484903
1284,zeena,Stimulus,Valence,55185,20,7.921411948245816
1285,zeena,Stimulus,Valence,55175,30,11.109009325625305
1286,zeena,Stimulus,Valence,55155,50,3.0154963200582747
1287,zeena,Stimulus,Valence,55135,70,1.164068689409284
